Fiction,1334
Protected DAISY,436
In library,402
New York Times bestseller,254
OverDrive,245
Internet Archive Wishlist,167
Accessible book,160
Murder,145
Investigation,141
Amerikanisches Englisch,132
Large type books,115
FICTION,112
Police,91
History,85
Roman,81
Private investigators,79
Suspense,78
Thriller,65
Crimes against,62
Literature,57
United States,54
Romance,52
Family secrets,50
Intelligence officers,46
Vampires,43
Families,42
Mystery fiction,41
Suspense fiction,38
Thrillers,38
General,38
Kriminalroman,38
Missing persons,37
Mystery,37
Women private investigators,37
Life change events,35
Fantasy,35
Women detectives,34
Man-woman relationships,33
Kidnapping,32
Secrets,32
FICTION / Thrillers,31
FICTION / Suspense,31
City and town life,30
Mothers and daughters,30
Female friendship,29
FICTION / Literary,29
Young women,28
Policewomen,28
Detective and mystery stories,27
Serial murderers,27
Mystery & Detective,27
Terrorism,25
Conspiracies,24
Americans,23
Literary,22
Sisters,22
Homicide,22
Women,21
Prevention,21
FICTION / Mystery & Detective / General,21
FICTION / General,21
Werewolves,20
Fathers and sons,19
United States. Federal Bureau of Investigation,19
Friendship,19
"World War, 1939-1945",18
Assassins,18
Government investigators,18
Widows,17
Journalists,17
Space warfare,17
Good and evil,17
Stone Barrington (Fictitious character),17
Secrecy,16
Serial murder investigation,16
Family life,16
Imaginary wars and battles,15
Magic,15
Life on other planets,15
Social life and customs,15
Criminal investigation,15
Cold cases (Criminal investigation),15
Survival,15
Revenge,14
Witches,14
Contemporary Women,14
Popular Print Disabled Books,13
Domestic fiction,13
Loss (Psychology),13
Historical Fiction,13
fiction,13
Teenage girls,13
Love stories,13
FICTION / Contemporary Women,13
FICTION / Historical,13
Historical,13
Patients,12
Rich people,12
Fathers and daughters,12
Veterans,12
Science Fiction,12
Death,12
Brothers,12
United States. Central Intelligence Agency,12
Spy stories,12
Interpersonal relations,12
Married people,11
Physicians,11
Undercover operations,11
Self-realization in women,11
Eve Dallas (Fictitious character),11
Identity (Psychology),11
Psychological fiction,10
Political fiction,10
Women bounty hunters,10
Terrorists,10
Officials and employees,10
Sheriffs,10
Drug traffic,10
Women journalists,10
Bakers,10
Betrayal,9
Lucas Davenport (Fictitious character),9
Brothers and sisters,9
Science fiction,9
nyt:combined_print_fiction=2012-03-03,9
Witnesses,9
Marine biologists,9
Organized crime,9
Public prosecutors,9
Detectives,9
Serial murders,9
Adventure fiction,9
Authors,9
Trials (Murder),9
Paranormal fiction,9
Eve Duncan (Fictitious character),9
Sagas,9
Contemporary,9
Triangles (Interpersonal relations),8
Dogs,8
Corrupt practices,8
Weddings,8
Single mothers,8
Historical fiction,8
Regression (Civilization),8
Medical examiners (Law),8
Detective and mystery fiction,8
Women physicians,8
Forensic pathologists,8
Serial killers,8
Women lawyers,8
Marriage,8
Treasure troves,8
Psychopaths,8
Women Sleuths,8
International relations,7
American Short stories,7
Dysfunctional families,7
Stephanie Plum (Fictitious character),7
Dillon Savich (Fictitious character),7
Lacey Sherlock (Fictitious character),7
Inheritance and succession,7
Clergy,7
Quilting,7
Quiltmakers,7
Quests (Expeditions),7
Milo Sturgis (Fictitious character),7
Alex Delaware (Fictitious character),7
Spenser (Fictitious character),7
"World War, 1914-1918",7
Kay Scarpetta (Fictitious character),7
Psychic ability,7
Police chiefs,7
Widowers,7
Luke Skywalker (Fictitious character),7
Twins,7
Swindlers and swindling,7
Ex-police officers,7
Shapeshifting,7
African American detectives,7
FICTION / Crime,7
Action & Adventure,7
Family Life,7
Intelligence service,6
Open Library Staff Picks,6
Legal stories,6
Archaeologists,6
Anita Blake (Fictitious character),6
Jack Reacher (Fictitious character),6
Adultery,6
Human-animal relationships,6
Family relationships,6
Politics and government,6
Assassination,6
Employees,6
Murder in fiction,6
Women forensic anthropologists,6
Manners and customs,6
thriller,6
Snipers,6
Great Britain,6
Boarding schools,6
Secret societies,6
"Romans, nouvelles",6
literary fiction,6
Alex Cross (Fictitious character),6
Ali Reynolds (Fictitious character),6
Divorce,6
Hannah Swensen (Fictitious character),6
Mothers,6
Doc Ford (Fictitious character),6
African American women,6
Han Solo (Fictitious character),6
Princess Leia (Fictitious character),6
thrillers,6
Gabriel Allon (Fictitious character),6
Artists,6
Fugitives from justice,6
Self-actualization (Psychology) in women,6
nyt:hardcover_fiction=2010-07-11,6
Attempted assassination,6
nyt:hardcover_fiction=2010-07-04,6
Scientists,6
suspense,6
Man-woman relationship,6
Adventure,6
nyt:mass_market_paperback=2012-01-28,6
nyt:hardcover_fiction=2011-09-24,6
Zombies,6
FICTION / Family Life,6
Memory,6
Homecoming,6
Englisch,6
Teenagers,5
Immigrants,5
Aristocracy (Social class),5
Attempted murder,5
Scot Harvath (Fictitious character),5
Elvis Cole (Fictitious character),5
Mothers and sons,5
Jason Bourne (Fictitious character),5
Women authors,5
Police in fiction,5
Elves,5
Marital conflict,5
Women forensic scientists,5
Fairies,5
mystery fiction,5
Self-realization,5
"Vietnam War, 1961-1975",5
Christmas stories,5
First loves,5
Quilts,5
Sylvia Compson (Fictitious character),5
Social classes,5
Orphans,5
Christmas,5
Alex Cross (Fictional character),5
Regan Reilly (Fictitious character),5
Antiquarian booksellers,5
Booksellers and bookselling,5
Nobility,5
Actresses,5
Private security services,5
Horror,5
Alexandra Cooper (Fictitious character),5
Jesse Stone (Fictitious character),5
Bakeries,5
historical fiction,5
Self-actualization (Psychology),5
Missing children,5
No. 1 Ladies' Detective Agency (Imaginary organization),5
Precious Ramotswe (Fictitious character),5
Parent and adult child,5
College students,5
Sookie Stackhouse (Fictitious character),5
Aloysius Pendergast (Fictitious character),5
Voyages and travels,5
Kurt Austin (Fictitious character),5
In Library,5
Human trafficking,5
Queens,5
Time travel,5
Isaac Bell (Fictitious character),5
Girls,5
Middle-aged men,5
Political corruption,5
nyt:hardcover_fiction=2010-08-29,5
Male friendship,5
Special operations (Military science),5
Virgil Flowers (Fictitious character),5
Women sculptors,5
"Afghan War, 2001-",5
Space Opera,5
FICTION / Fantasy / Contemporary,5
Human-alien encounters,5
FICTION / Sagas,5
FICTION / Science Fiction / General,5
Grief,5
Crime,5
Cooks,4
Mediums,4
Odd Thomas (Fictitious character),4
Married women,4
Supernatural,4
Barbara Havers (Fictitious character),4
Thomas Lynley (Fictitious character),4
Paul Madriani (Fictitious character),4
Art,4
Kings and rulers,4
Juan Cabrillo (Fictitious character),4
Older women,4
Humor (Fiction),4
Wives,4
Family,4
Joanna Brady (Fictitious character),4
Psychics,4
Romantic suspense fiction,4
Police spouses,4
Businesswomen,4
Family-owned business enterprises,4
Sean Dillon (Fictitious character),4
Temperance Brennan (Fictitious character),4
Shannara (Imaginary place),4
"Detective Rizzoli, Jane (Fictitious character)",4
crime,4
murder,4
Computer hackers,4
Bob Lee Swagger (Fictitious character),4
Runaway teenagers,4
Lawyers,4
Harry Bosch (Fictitious character),4
Psychologists,4
Harry Haristeen (Fictitious character),4
Cats,4
Mrs. Murphy (Fictitious character),4
Wilderness areas,4
Knitters (Persons),4
Knitting,4
Cotton Malone (Fictitious character),4
Bodyguards,4
Soldiers,4
Theft,4
Celebrities,4
Rich,4
Abandoned children,4
Wizards,4
Caterers and catering,4
Anna Pigeon (Fictitious character),4
Hostages,4
Cancer,4
Ex-convicts,4
Marine scientists,4
Novela,4
Reporters and reporting,4
Antiquities,4
Drizzt Do'Urden (Fictitious character),4
Divorced women,4
Teenage boys,4
Angels,4
Imaginary places,4
Kinsey Millhone (Fictitious character),4
Secret service,4
United States. Office of Strategic Services,4
Murder victims' families,4
Upper class,4
Abduction,4
Joe Pickett (Fictitious character),4
Game wardens,4
Virus diseases,4
War,4
Identity,4
nyt:hardcover_fiction=2010-09-12,4
nyt:hardcover_fiction=2010-09-05,4
nyt:hardcover_fiction=2010-09-19,4
nyt:hardcover_fiction=2010-09-26,4
Mother and child,4
Mickey Haller (Fictitious character),4
Facial reconstruction (Anthropology),4
Women intelligence officers,4
nyt:hardcover_fiction=2011-07-30,4
Motherhood,4
FICTION / Romance / Paranormal,4
Forensic psychologists,4
Paranormal,4
Harry Hole (Fictitious character),4
Motion pictures,4
nyt:hardcover_fiction=2012-02-18,4
nyt:hardcover_fiction=2012-01-07,4
FICTION / Horror,4
Future life,4
nyt:hardcover_fiction=2011-10-29,4
Production and direction,4
FICTION / Science Fiction / Space Opera,4
FICTION / Science Fiction / Adventure,4
Special forces (Military science),4
Walking,4
Official secrets,4
Choice,4
War & Military,4
Occult fiction,3
Motion picture actors and actresses,3
Parent and child,3
Political crimes and offenses,3
Mercenary troops,3
Lincoln Rhyme (Fictitious character),3
Motion picture industry,3
Psychiatrists,3
Grandmothers,3
"Love stories, American",3
Dave Robicheaux (Fictitious character),3
Family secrets in fiction,3
Taliban,3
United States. Navy. SEALs,3
Star Wars fiction,3
Reincarnation,3
Traffic accident victims,3
Wounds and injuries,3
Art thefts,3
Contemporary Romance,3
Presidents' spouses,3
Reminiscing,3
Susan Ward (Fictitious character),3
Archie Sheridan (Fictitious character),3
Television personalities,3
United States. Supreme Court,3
American fiction,3
Fantasy fiction,3
Hackers,3
Lisbeth Salander (Fictitious character),3
Mikael Blomqvist (Fictitious character),3
Nineteen fifties,3
Dune (Imaginary place),3
Alex Hawke (Fictitious character),3
Women philosophers,3
Marines,3
Runaways,3
Adaptations,3
Mitch Rapp (Fictitious character),3
Space ships,3
Mafia,3
Priests,3
Meredith Gentry (Fictitious character),3
Women private investigators in fiction,3
Gangsters,3
African American men,3
Women cat owners,3
horror,3
American Horror tales,3
Short Stories (single author),3
Criminals,3
Telepathy,3
Fictional Works,3
Lottery winners,3
Dirk Pitt (Fictitious character),3
United States. Army. Delta Force,3
Michael Bennett (Fictitious character),3
Mercy Thompson (Fictitious character),3
Violence against,3
Maisie Dobbs (Fictitious character),3
Honor Harrington (Fictitious character),3
Women soldiers,3
Japanese Americans,3
Brothers in fiction,3
Large print books,3
Millionaires,3
Midkemia (Imaginary place),3
Government investigators in fiction,3
British,3
Monks,3
United States. in fiction,3
literature,3
suspense fiction,3
Dismas Hardy (Fictitious character),3
Abe Glitsky (Fictitious character),3
Race relations,3
Sara Linton (Fictitious character),3
Ghost stories,3
J. P. Beaumont (Fictitious character),3
adventure,3
College teachers,3
Spouses,3
Dreams,3
Nineteen sixties,3
Armand Gamache (Fictitious character),3
American Occult fiction,3
American Paranormal fiction,3
Discworld (Imaginary place),3
Interplanetary voyages,3
Boardinghouses,3
Rescues,3
Sabotage,3
Ship captains,3
Pirates,3
Joe Pike (Fictitious character),3
Serge Storms (Fictitious character),3
Murder victims,3
High school students,3
Single women,3
Guilt,3
Nuns,3
Country life,3
Suburban life,3
Vacations,3
Everett Hitch (Fictitious character),3
Virgil Cole (Fictitious character),3
nyt:trade_fiction_paperback=2011-05-14,3
nyt:hardcover_fiction=2010-07-09,3
nyt:hardcover_fiction=2010-08-15,3
Epic,3
nyt:hardcover_fiction=2010-08-22,3
nyt:mass_market_paperback=2011-07-30,3
mystery,3
Politicians,3
Gossip,3
Humorous fiction,3
Forensic scientists,3
Community life,3
Boys,3
nyt:mass_market_paperback=2011-10-01,3
Twentieth century,3
nyt:mass_market_paperback=2011-09-03,3
Russians,3
nyt:combined_print_fiction=2011-05-28,3
Islam,3
Husband and wife,3
nyt:mass_market_paperback=2011-12-24,3
Magicians,3
Rachel Morgan (Fictitious character),3
Demonology,3
Guido Brunetti (Fictitious character),3
Officers,3
African Americans,3
Husbands,3
Traffic accidents,3
Deception,3
Artificial intelligence,3
nyt:hardcover_fiction=2011-08-06,3
Maura Isles (Fictitious character),3
nyt:hardcover_fiction=2011-08-27,3
nyt:hardcover_fiction=2011-09-03,3
Cork O'Connor (Fictitious character),3
Baseball players,3
nyt:hardcover_fiction=2011-09-10,3
nyt:hardcover_fiction=2011-10-15,3
Air pilots,3
Children,3
nyt:hardcover_fiction=2011-12-31,3
United States. Army Criminal Investigation Command,3
nyt:hardcover_fiction=2011-12-03,3
nyt:hardcover_fiction=2012-02-11,3
nyt:hardcover_fiction=2012-01-14,3
nyt:hardcover_fiction=2012-01-28,3
FICTION / Mystery & Detective / Police Procedural,3
Prostitutes,3
nyt:hardcover_fiction=2012-03-03,3
Prohibition,3
FICTION / Action & Adventure,3
Jealousy,3
False imprisonment,3
FICTION / Humorous,3
FICTION / Mystery & Detective / Women Sleuths,3
Murder for hire,3
Executives,3
Cold War,3
Hotelkeepers,3
Art restorers,3
End of the world,3
Foreign relations,3
Church and state,3
Escaped prisoners,3
Criminal defense lawyers,3
Humorous,3
Police Procedural,3
FICTION / Jewish,3
Coming of Age,3
World War (1939-1945) fast (OCoLC)fst01180924,3
Emotions,3
nyt:mass_market_paperback=2011-08-13,2
Relationship Novel,2
Bereavement,2
Short Stories,2
Women college students,2
Corporations,2
James Bond (Fictitious character),2
Social conditions,2
East and West,2
Colorado in fiction,2
Cruise ships,2
"World War, 1939-1945 in fiction",2
Mother-daughter relationship,2
Dominican Americans,2
award:national_book_critics_circle_award=fiction,2
National Book Critics Circle Award Winner,2
Bank robberies,2
Trenton (N.J.),2
Bail bond agents,2
Legislators,2
Divorced parents,2
Bioterrorism,2
Upper class women,2
Parties,2
Granddaughters,2
Emma Ransom (Fictitious character),2
Jonathan Ransom (Fictitious character),2
Fiction / Literary,2
Drowning victims,2
Darth Vader (Fictitious character),2
Daughters,2
Abused wives,2
Gods,2
Qaida (Organization),2
Translations into German,2
Suicide,2
Hospitals,2
Rina Lazarus (Fictitious character),2
Peter Decker (Fictitious character),2
Mormons,2
Blake Johnson (Fictitious character),2
Jockeys,2
Women serial murderers,2
Monasteries,2
Science Fiction & Fantasy,2
Disasters,2
Boston (Mass.),2
Judges,2
rape,2
secrecy,2
journalists,2
sex,2
revenge,2
crime fiction,2
Antisemitism,2
Young men,2
Stone Barrington (Fictional character),2
Fraud,2
Cedar Cove (Wash. : Imaginary place),2
Pregnant women,2
Dwarfs,2
"War on Terrorism, 2001-2009",2
Cookery,2
Valdemar,2
Collegium Chronicles,2
Oz (Imaginary place),2
Mate selection,2
Code and cipher stories,2
Alex Delaware (Fictional character),2
Milo Sturgis (Fictional character),2
Hurricanes,2
Sex scandals,2
Teenage girls in fiction,2
Camel Club (Imaginary organization),2
Oliver Stone (Fictitious character),2
Grandparents,2
horror tales,2
serial murderers,2
Alzheimer's disease,2
insanity,2
Horror fiction,2
short stories,2
Racism,2
Peace officers,2
Global warming,2
Heart,2
Transplantation,2
Stalkers,2
Fathers,2
Housewives,2
Presidents,2
English fiction,2
Great Britain in fiction,2
Actors,2
Automobile mechanics,2
Italian American families,2
Italian American women,2
Women runners,2
Asperger's syndrome,2
Physician and patient,2
Space warfare in fiction,2
Marine biologists in fiction,2
domestic fiction,2
mothers,2
Housekeepers,2
Private investigators in fiction,2
Missing persons in fiction,2
Psychologists in fiction,2
Traffic accident investigation,2
William Monk (Fictitious character),2
Gangs,2
Rick Bentz (Fictitious character),2
Reuben Montoya (Fictitious character),2
Genealogy,2
Harry Dresden (Fictitious character),2
Wizards in fiction,2
Goldy Bear (Fictitious character),2
Women journalists in fiction,2
Depressions,2
Young women in fiction,2
Women teachers,2
Sean King (Fictitious character),2
Michelle Maxwell (Fictitious character),2
Women botanists,2
Women archaeologists,2
Sherlock Holmes (Fictitious character),2
Mary Russell (Fictitious character),2
Frontier and pioneer life,2
Western,2
kidnapping,2
Ranch life,2
Curiosities and wonders,2
Belief and doubt,2
Texas in fiction,2
Vampires in fiction,2
Research,2
Medicine,2
Irish Americans,2
Women photographers,2
Betsy Taylor (Fictitious character),2
Mothers and daughters in fiction,2
Novelists,2
Kathryn Dance (Fictitious character),2
Ladies-in-waiting,2
Dwellings,2
Mass murder investigation,2
Ghosts,2
detectives,2
Matt Payne (Fictitious character),2
Dragons,2
Trials (Homicide),2
Horse racing,2
Immortalism,2
nyt:mass_market_paperback=2010-08-29,2
Recluses,2
Nannies,2
Bildungsromans,2
"Holocaust, Jewish (1939-1945)",2
Cryptographers,2
fictional works,2
Robert Langdon (Fictitious character),2
"Langdon, Robert (Fictitious character)",2
Scottish Americans,2
V. I. Warshawski (Fictitious character),2
Isabel Dalhousie (Fictitious character),2
nyt:trade_fiction_paperback=2010-07-04,2
Spiritual life,2
Extortion,2
Forgotten realms (Imaginary place),2
Man Booker Prize Winner,2
Epic Fantasy,2
"Dust Bowl Era, 1931-1939",2
Railroad trains,2
Piracy,2
Hijacking of ships,2
Quarantine,2
Veterinarians,2
Teacher-student relationships,2
Blessing and cursing,2
Prisoners of war,2
Women scientists,2
Genetic engineering,2
nyt:mass_market_paperback=2010-09-19,2
Retirees,2
Joe  Pike (Fictitious character),2
Painters,2
Appreciation,2
Cities and towns,2
Cotton trade,2
Lumber trade,2
Charles Ferguson (Fictitious character),2
Shoemakers,2
Women judges,2
Surgeons,2
Virtual reality,2
Cults,2
Armageddon,2
Isabel Spellman (Fictitious character),2
Julia Springer (Fictitious character),2
Illegitimate children,2
Women pediatricians,2
Great Britain. Metropolitan Police Office. Criminal Investigation Dept.,2
Attorney and client,2
nyt:combined_print_fiction=2012-02-25,2
Stay-at-home mothers,2
Retired military personnel,2
Protection,2
Jason Bourne,2
Aircraft accidents,2
Bombings,2
Radicals,2
secrets,2
John Corey (Fictitious character),2
Human experimentation in medicine,2
dystopia,2
nyt:mass_market_paperback=2011-07-02,2
Nanotechnology,2
Monsters,2
Underground movements,2
nyt:mass_market_paperback=2011-06-25,2
detective,2
Cousins,2
Hell,2
Thanksgiving Day,2
Women singers,2
College graduates,2
Janitors,2
Women park rangers,2
Impostors and imposture,2
Couples,2
United States. Drug Enforcement Administration,2
Drug control,2
Humorous stories,2
Dystopias,2
Dexter Morgan (Fictitious character),2
Neighbors,2
family life,2
nyt:trade_fiction_paperback=2011-09-17,2
Indians of North America,2
Indian women,2
Harry Bosch,2
nyt:mass_market_paperback=2011-09-10,2
Money laundering,2
Nuclear warfare,2
Christian fiction,2
Prophecy,2
nyt:mass_market_paperback=2011-07-23,2
Inner cities,2
Environmentalists,2
nyt:mass_market_paperback=2011-09-17,2
nyt:mass_market_paperback=2011-10-22,2
"Sr. Ryan, Jack (Fictitious character)",2
Homicide investigation,2
Police recruits,2
Alchemy,2
Science and magic,2
Children of murder victims,2
nyt:mass_market_paperback=2011-10-29,2
Authors' spouses,2
nyt:hardcover_fiction=2011-05-28,2
Lesbians,2
Recovering alcoholics,2
Orphanages,2
Transgender people,2
nyt:mass_market_paperback=2012-02-25,2
nyt:mass_market_paperback=2011-11-19,2
nyt:e-book_fiction=2011-04-02,2
nyt:trade_fiction_paperback=2012-02-11,2
Women drug addicts,2
Vigilantes,2
Soldiers of fortune,2
"Stackhouse, Sookie (Fictitious character)",2
Women's Murder Club (Imaginary organization),2
Patrick McLanahan (Fictitious character),2
Military Air pilots,2
Loyalty,2
Nuclear weapons,2
Espionage,2
United States marshals,2
Summer,2
Memory disorders,2
Murderers,2
Camps,2
nyt:e-book_fiction=2011-11-12,2
nyt:hardcover_fiction=2011-08-20,2
Ojibwa Indians,2
psychological fiction,2
nyt:hardcover_fiction=2011-12-24,2
Military police,2
Financial crises,2
nyt:hardcover_fiction=2011-10-01,2
Dead,2
nyt:combined_print_fiction=2011-10-29,2
Conspiracy,2
Nuclear terrorism,2
Cold cases,2
FICTION / Romance / Suspense,2
nyt:combined_print_fiction=2012-01-14,2
nyt:hardcover_fiction=2012-02-25,2
FICTION / Fantasy / General,2
FICTION / Romance / Fantasy,2
D. D. Warren (Fictitious character),2
Duncan Kincaid (Fictitious character),2
"James, Gemma (Fictitious character : Crombie)",2
Businessmen,2
City planning,2
Kate Shugak (Fictitious character),2
Jazz musicians,2
Islands,2
FICTION / Espionage,2
FICTION / Fantasy / Historical,2
Stepdaughters,2
Photographers,2
Women motion picture producers and directors,2
Italian Americans,2
Women dressmakers,2
Thomas Pitt (Fictitious character),2
Charlotte Pitt (Fictitious character),2
Social isolation,2
Children of the rich,2
Spouses of clergy,2
Police corruption,2
Walt Longmire (Fictitious character),2
Indian reservations,2
Amnesia,2
Obsessive-compulsive disorder,2
Fans (Persons),2
Immortality,2
Accidents,2
Brides,2
Blind,2
Space and time,2
Men,2
Historischer Roman,2
Biologists,2
Strangers,2
Actors and actresses,2
Brigands and robbers,2
Spree murderers,2
Kurzgeschichte,2
Emigration and immigration,2
"Iraq War, 2003-2011",2
Iraq War (2003-2011) fast (OCoLC)fst01802311,2
Generosity,2
Alliances,2
Women spies,2
"Plum, Stephanie (Fictitious character)",2
Environmental policy,2
Westerns,2
Love,2
Middle-aged women,2
Empty nesters,2
Knitting shops,2
NEW LIST 20130531,2
Gifted persons,2
Enquêtes,2
Women artists,2
FICTION / Legal,2
Historischer Kriminalroman,2
Romantic suspense novels,2
"Parodies, imitations",2
Lyrik,2
Jack Reacher (Fictional character),2
POETRY / American / General,2
Juvenile fiction,2
American poetry,2
Rosato & Associates (Imaginary organization),2
Single fathers,2
Miracles,2
Legal,2
Prisoners,2
Romance fiction,2
Science-Fiction,2
Best friends,2
FICTION / Short Stories (single author),2
Auschwitz (Concentration camp),2
Jewish women,2
Jewish,2
New York (N.Y.).,2
New York (N.Y.). Police Department,2
Women in war,2
Mystery Fiction,2
Coming of age,2
Love-letters,2
Christian,2
Guardian angels,2
Women pathologists,2
Television programs,2
Post-traumatic stress disorder,2
Socialites,2
Horror tales,1
Biological invasions,1
Spirit possession,1
Sexual intercourse,1
World records,1
Snuff films,1
Intelligence service  in fiction,1
International relations in fiction,1
Defense industries  in fiction,1
Defense industries,1
Psychological aspects of Bereavement,1
Bengali Americans in fiction,1
Bengali (South Asian people),1
Bengali Americans,1
Bengali Americans -- Fiction,1
Bengali (South Asian people) -- United States -- Fiction,1
Automobile racing drivers,1
nyt:trade_fiction_paperback=2009-06-06,1
award:pen_faulkner_award=fiction,1
PEN/Faulkner Award Winner,1
award:pen_faulkner_award=2009,1
Environmental aspects,1
Chemical industry,1
Trials (Offenses against the environment),1
Waste disposal,1
Chemical industry -- Fiction,1
"Wall Street (New York, N.Y.)",1
Chemical industry -- Waste disposal -- Environmental aspects -- Fiction,1
Trials (Offenses against the environment) -- Fiction,1
Corporations -- Corrupt practices -- Fiction,1
Mississippi -- Fiction,1
"Wall Street (New York, N.Y.) -- Fiction",1
Indiana Jones (Fictitious character),1
Collectors and collecting,1
Mogul Empire in fiction,1
Women in fiction,1
"Machiavelli, Niccolò, in fiction",1
East and West in fiction,1
"Akbar, in fiction",1
Conspiracies in fiction,1
United States. Marine Corps,1
French,1
French in fiction,1
Poland in fiction,1
Military attachés,1
Military attachés in fiction,1
Europe in fiction,1
Stripteasers,1
Saudi Arabians,1
Sex-oriented businesses,1
Sailing,1
Problem families,1
Serial murderer investigation,1
Women personal trainers,1
Chechens,1
Motion picture producers and directors,1
Speech disorders,1
Fratricide,1
award:national_book_critics_circle_award=2007,1
Dementia,1
Character,1
Working class men,1
New York (State),1
Intelligence officers in fiction,1
Koran,1
Koran in fiction,1
Terrorists in fiction,1
Informers,1
Women glassworkers,1
Fund raising,1
Farms,1
Child actors,1
Nuclear submarines in fiction,1
Naval architects in fiction,1
Nuclear submarines,1
Brothers and sisters in fiction,1
Submarines (Ships),1
Naval architects,1
African American college athletes in fiction,1
Celibacy,1
Celibacy in fiction,1
Mothers and sons in fiction,1
African American college athletes,1
desertion,1
Sufism,1
Pashhtuns,1
domestic abuse,1
Tajiks,1
Pinocchio,1
Intergenerational relations,1
Family sagas,1
Families -- Fiction.,1
Neo-Nazism,1
nyt:trade_fiction_paperback=2010-07-11,1
Historical - General,1
England,1
Popular American Fiction,1
Fiction - General,1
Book clubs (Discussion groups),1
Obi-Wan Kenobi (Fictitious character),1
Georgia. Bureau of Investigation,1
Georgia,1
Crimes of passion,1
Rape,1
Jake Grafton (Fictitious character),1
Tommy Carmellini (Fictitious character),1
Stone carvers,1
Hospital wards,1
Burns and scalds,1
Fire fighters,1
Police spouses in fiction,1
Polygamy,1
Drama,1
Voodooism in fiction,1
Women forensic anthropologists in fiction,1
Satanism in fiction,1
Satanism,1
Voodooism,1
Twenty-first century,1
Steeplechasing,1
Vicky Bliss (Fictitious character),1
Women art historians,1
Archaeological thefts,1
Women museum curators,1
Vicky Bliss (Fictional character),1
Women cartoonists,1
Weapons,1
Family secrets -- Fiction,1
Women librarians,1
Iowa,1
Children of clergy,1
Conflict of generations,1
Philosophy,1
Mathematics,1
Long Now Manual for Civilization,1
Museums,1
Urban Fantasy,1
Misogyny,1
Book of Leviticus,1
child sexual abuse,1
finance,1
aristocracy,1
heiresses,1
tattooing,1
upper class,1
industrialists,1
punk,1
woman,1
investigate,1
death,1
justice,1
trilogy,1
Journalists Sweden Stockholm Fiction,1
Missing persons Investigation Sweden Oland Fiction,1
Computer hackers Sweden Stockholm Fiction,1
21st Century Film and Literature,1
Gender and Violence,1
Scandinavian comparative literature,1
women's and gender studies,1
comparative literature,1
Corruption,1
Swedish fiction,1
Jewish college students,1
Young men -- Fiction,1
Life On Other Planets,1
Lake Wobegon (Minn. : Imaginary place),1
Cooperative Apartment houses,1
"Apartment houses, Cooperative",1
Young women -- Fiction,1
"Apartment houses, Cooperative -- Fiction",1
"Manhattan (New York, N.Y.) -- Fiction",1
Automobile racing,1
Cedar Cove (Wash.: Imaginary place),1
Small cities,1
Childbirth,1
"War on Terrorism, 2001-",1
Reminiscing in old age,1
Marriages of royalty and nobility,1
Food writing,1
Women cooks,1
Telepathic Horses,1
Valdemar (Imaginary place),1
Lawyers in fiction,1
Cowardly Lion (Fictitious character),1
Lion,1
Wicked Witch of the West (Fictitious character),1
Puzzles,1
Chess sets,1
Police -- California -- Los Angeles,1
Scandals,1
Sex scandals in fiction,1
Sex,1
Ethics,1
Boarding schools in fiction,1
Scandals in fiction,1
Women veterinarians,1
"Star Wars, episode III, revenge of the Sith (Motion picture)",1
"Vader, Darth (Fictitious character) -- Fiction",1
Married women in fiction,1
Rich people in fiction,1
Military nursing in fiction,1
Military nursing,1
Americans in fiction,1
Upper class women in fiction,1
"World War, 1914-1918 in fiction",1
Avalanches,1
Railroad accidents,1
Women postal service employees,1
Gifts,1
Grandfathers,1
Sweaters,1
portable toilets,1
rest areas,1
life insurance,1
Lord's Prayer,1
Hail Mary,1
survivor's guilt,1
stone,1
novella,1
nested narrative,1
obsessive-compulsive disorder,1
running,1
grief,1
crib death,1
Nouvelles,1
Mort,1
interpersonal relations,1
audiobooks,1
American short stories,1
"Columbine High School Massacre, Littleton, Colo., 1999",1
African American girls,1
Interracial adoption,1
Slave trade,1
Murder investigations,1
Ender Wiggin (Fictitious character),1
Interstellar Travel,1
Children and war,1
Interstellar Colonies,1
Gifted children,1
Space colonies,1
Space flight,1
African American psychologists,1
Adam Dalgliesh (Fictitious character),1
Lottery tickets,1
Alvirah Meehan (Fictitious character),1
"Reilly, Regan (Fictitious character)",1
"Reilly, Regan (Fictitious character) -- Fiction.",1
"Meehan, Alvirah (Fictitious character)",1
"Meehan, Alvirah (Fictitious character) -- Fiction.",1
Women private investigators -- California -- Los Angeles -- Fiction.,1
Lottery winners -- Fiction.,1
Missing persons -- Fiction.,1
New Hampshire -- Fiction.,1
Organ donors,1
Heart in fiction,1
Organ donors in fiction,1
Stalkers in fiction,1
Knitters,1
Internet,1
Blogs,1
Petroleum industry and trade,1
Election,1
Will Lee (Fictitious character),1
Piano teachers,1
English,1
"Agincourt, Battle of, Agincourt, France, 1415",1
"Agincourt, Battle of, Agincourt, France, 1415 in fiction",1
Soldiers in fiction,1
Middle Ages,1
Adventure stories,1
Honesty,1
Law firms,1
Courts,1
Law firm associates,1
Courts in fiction,1
Law firms in fiction,1
Law firm associates in fiction,1
Press coverage,1
Remarriage,1
Paparrazi,1
Absence and presumption of death,1
Political crimes and offenses -- Fiction,1
African American bisexuals,1
African American gays,1
Basketball players,1
Werewolves in fiction,1
Metamorphosis,1
"Thompson, Mercy (Fictitious character)",1
Online chat groups,1
Human smuggling,1
Fools and jesters,1
Britons,1
King Lear (Legendary character),1
Ehefrau,1
Geliebte,1
Architekt,1
Relations with women,1
Biographical Fiction,1
Charles Dickens,1
Detective,1
Macabre,1
Metafiction,1
Heart failure clinics,1
Chet (Fictitious character : Quinn),1
Bernie Little (Fictitious character),1
Marathon running,1
Myocardial infarction,1
New York Public Library,1
Map collections,1
saga,1
Modern Literature,1
nyt:trade_fiction_paperback=2010-01-23,1
"Morgan, Rachel (Fictitious characer)",1
Voyeurism,1
Sex crimes,1
Minnesota,1
Cynster family (Fictitious characters),1
Wrongful life,1
Cost of medical care in fiction,1
Psychology,1
Wrongful life in fiction,1
Osteogenesis imperfecta,1
Osteogenesis imperfecta in fiction,1
Cost of Medical care,1
Physician and patient in fiction,1
Parents of children with disabilities in fiction,1
Moral and ethical aspects of Physician and patient,1
Mothers in fiction,1
Parents of children with disabilities,1
Women soldiers in fiction,1
Drive-by shootings,1
Casinos,1
Gambling,1
Political kidnapping in fiction,1
Political kidnapping,1
novels,1
Civil rights movements,1
Household employees,1
Civil Rights Movement,1
nyt:hardcover_fiction=2009-03-29,1
caregivers,1
friends,1
daughters,1
Inventors,1
"Evacuation and relocation, 1942-1945",1
Leonid McGill (Fictitious character),1
Sports agents,1
Myron Bolitar (Fictitious character),1
Inheritance and succession in fiction,1
Inheritance and succession -- Fiction,1
Self-actualization (Psychology) -- Fiction,1
Millionaires in fiction,1
Birthfathers,1
Birthfathers in fiction,1
Abandoned children in fiction,1
"Compson, Sylvia (Fictitious character) -- Fiction",1
Elves in fiction,1
The Dresden Files (series),1
Women in the food industry in fiction,1
Women in the food industry,1
Cookery in fiction,1
Caterers and catering in fiction,1
Weddings in fiction,1
Cooking,1
Rafting (Sports),1
Runners (Sports),1
Running,1
Adopted children in fiction,1
Missing children in fiction,1
Adopted children,1
Women journalists-Fiction,1
Adopted children-Fiction,1
Missing children-Fiction,1
Jessica Darling (Fictitious character),1
Private schools,1
National security,1
"King, Sean (Fictitious character)",1
"Maxwell, Michelle (Fictitious character)",1
Knitting in fiction,1
Cancer in fiction,1
Female friendship in fiction,1
Literature & Fiction -- Women's Fiction -- Mothers & Children,1
Fertility clinics,1
nyt:mass_market_paperback=2010-05-02,1
Foreign Students,1
Temperance,1
Rural clergy,1
Religious leaders,1
Irish,1
Women immigrants,1
Obeah (Cult),1
Safaris,1
Hunting guides,1
Germans,1
family,1
disappearance,1
Cartography,1
Gifted boys,1
Scientific expeditions,1
Television journalists,1
Seduction,1
Huxtable family (Fictitious characters),1
Los Angeles(Calif.)-Fiction,1
Serial murder investigation-Fiction,1
Journalists-Fiction,1
Computer industry-Fiction,1
Computer industry,1
Chinese,1
Ranch life in fiction,1
Anita Blake,1
Anita Blake (Fictional character),1
Viruses,1
Sisters in fiction,1
Critics,1
Witchcraft--Massachusetts--Fiction.,1
Trials (Witchcraft)--Massachusetts--Salem--History--17th century--Fiction.,1
Trials (Witchcraft),1
Online social networks,1
Internet and teenagers,1
Juvenile homicide,1
Telepathy in fiction,1
Accessible Book,1
Translations into English,1
Spanish literature,1
Novela española,1
Spanish authors,1
Autores españoles,1
Materiales en español,1
Novela de misterio,1
Spanish language materials,1
Spanish Authors,1
Spies in fiction,1
"Victoria, 1837-1901",1
Spies,1
Ladies-in-waiting in fiction,1
"Plum, Stephanie (Fictitious character) -- Fiction",1
Adult Science Fiction,1
Conservation and restoration,1
Models (Persons),1
Models (Persons) -- Crimes against -- Fiction,1
Kidnapping -- Investigation -- Hawaii -- Fiction,1
Parent and child -- Fiction,1
Reporters and reporting -- Fiction,1
Hawaii -- Fiction,1
Animal sanctuaries,1
Gambling and crime,1
Romantic suspense,1
Ocean travel,1
Ghosts in fiction,1
Treasure troves in fiction,1
Women computer programmers in fiction,1
Archaeologists in fiction,1
Egypt in fiction,1
Women computer programmers,1
Archeologists,1
NEW LIST 20090729,1
mystery and suspense stories,1
gritty,1
violence,1
"Crime, Thrillers & Mystery",1
Periodical editors,1
Serial murderers in fiction,1
Mid-life crisis,1
Midlife crisis,1
Médecins sans frontières (Association),1
Krynn (Imaginary place),1
nyt:trade_fiction_paperback=2010-05-23,1
nyt:mass_market_paperback=2010-07-18,1
NEW LIST 20090828,1
Real estate developers,1
Bishops,1
Alternative medicine,1
Biotechnology,1
Cancer in children,1
Death and burial,1
Medieval Ages,1
"Elizabeth, -- Queen, consort of Edward IV, King of England, -- 1437?-1492 -- Fiction",1
Maine in fiction,1
Legacies,1
Artists in fiction,1
Legacies in fiction,1
Bookmakers (Gambling),1
Royal Ascot,1
Recluses in fiction,1
"Collyer, Homer Lusk, in fiction",1
"Collyer, Langley, in fiction",1
Eccentrics and eccentricities in fiction,1
Eccentrics and eccentricities,1
African American students,1
PORTLAND (Or.),1
Thomas Hunter (Fictitious character),1
Reality,1
Movie novels,1
Jewish refugees,1
Jews,1
Holocaust survivors,1
Aventures,1
"Langdon, Robert (Personnage fictif)",1
Signes et symboles,1
Franc-macʹonnerie,1
Roman a suspense,1
Freemasonry,1
Cryptographes,1
Societes secretes,1
human enlightenment,1
Noetic Science,1
Signs and symbols,1
Action and adventure fiction,1
ciphers,1
adventure stories,1
adventure fiction,1
Cryptographers in fiction,1
Freemasonry in fiction,1
Symbolik,1
Verschwo rung,1
Freimaurer,1
Freemasons,1
Jamie Fraser (Fictitious character),1
Claire Randall (Fictitious character),1
Holly Barker (Fictitious character),1
Zukunft,1
Globalisierung,1
Environmental disasters,1
Women editors,1
Investment bankers in fiction,1
Women editors in fiction,1
Women philosophers in fiction,1
Investment bankers,1
African American women singers,1
African American actresses,1
Villages,1
Aunts,1
Musical fiction,1
Rock music fans,1
Loneliness,1
Librarians,1
Christmas cooking,1
Extortion investigation,1
New York Times Bestseller,1
Redemption,1
English Fantasy fiction,1
Football stories,1
Satire,1
Terrorism investigation,1
Chinese Americans,1
Triads (Gangs),1
Triads (Organized crime),1
Biographical fiction,1
award:national_book_critics_circle_award=2009,1
award:man_booker_prize=2009,1
nyt:trade_fiction_paperback=2010-08-29,1
American Love stories,1
Ford Prefect (Fictitious character),1
Arthur Dent (Fictitious character),1
Women ex-convicts,1
nyt:mass_market_paperback=2010-08-22,1
Loggers,1
Tolliver Lang (Fictitious character),1
Harper Connelly (Fictitious character),1
nyt:mass_market_paperback=2010-09-12,1
nyt:mass_market_paperback=2010-08-15,1
Subversive activities,1
"Ardennes, Battle of the, 1944-1945",1
veterans,1
Iraq War,1
city and town life,1
politicians,1
good and evil,1
Ice storms,1
Pirates in fiction,1
Caribbean Area in fiction,1
Ship captains in fiction,1
Jamaica in fiction,1
Modern Naval history,1
Modern naval history in fiction,1
Seventeenth century,1
Treasure hunting,1
Pirates -- Caribbean Area -- Fiction,1
Governors,1
Pirates -- Fiction,1
Jamaica -- History -- 17th century -- Fiction,1
Caribbean Region -- History -- 17th century -- Fiction,1
Mammals,1
Carpenters,1
Venganza,1
Libreros y librerias,1
Vendetta,1
Estadounidenses,1
Libreros anticuarios,1
Supernatural in fiction,1
Fairies in fiction,1
Teacher-student relationship,1
Assassination attempts,1
Nazis,1
Fathers and sons in fiction,1
Serial murder investigation in fiction,1
Women scientists in fiction,1
Animal mutation,1
nyt:mass_market_paperback=2010-07-25,1
Psychological aspects of Old age,1
Old age,1
Older men,1
Teenage pregnancy,1
Teenage pregnancy in fiction,1
Home invasion,1
Elvis Cole (Fictional character),1
Joe Pike (Fictional character),1
Art appreciation,1
Noah Bishop (Fictitious character),1
nyt:mass_market_paperback=2010-09-05,1
Florida in fiction,1
Russian Americans,1
Postmasters,1
Postmasters in fiction,1
nyt:trade_fiction_paperback=2011-01-29,1
Radio broadcasting and the war,1
Psychic trauma,1
Rites and ceremonies,1
Massacres,1
Physicians in fiction,1
Surgeons in fiction,1
Serial murders in fiction,1
Psychopaths in fiction,1
Larg type books,1
Electronic games industry,1
Police chiefs in fiction,1
Sunny Randall (Fictitious character),1
Cults in fiction,1
Overweight women,1
Charities,1
Forensic sciences,1
Autistic youth,1
"Cabrillo, Juan (Fictitious character)",1
Literature & Fiction -- Genre Fiction -- Movie Tie-Ins,1
angels,1
nephilim,1
nuns,1
Interracial friendship,1
Pakistanis,1
Identity theft,1
"Fiction,",1
Suburban life in fiction,1
Sex offenders in fiction,1
Abduction in fiction,1
Sex offenders,1
Cartographers,1
Preparatory schools,1
Sexual abuse victims,1
Preparatory schools in fiction,1
Women teachers in fiction,1
Sexual abuse victims in fiction,1
Preparatory schools-Fiction,1
Women teachers-Crimes against-Fiction,1
Middle-aged men in fiction,1
Marital conflict in fiction,1
Nobel Prize winners in fiction,1
Physicists in fiction,1
Global warming in fiction,1
Physicists,1
Nobel Prize winners,1
Students,1
Voyages and travels in fiction,1
Richard Jury (Fictitious character),1
Drug addicts,1
Parents of drug addicts,1
Class reunions,1
Criminologists,1
Women psychologists,1
Women psychologists in fiction,1
Criminologists in fiction,1
Twins in fiction,1
Avatars (Religion),1
Mystics,1
Taxidermists in fiction,1
Animals in fiction,1
Animals,1
Taxidermists,1
Authors in fiction,1
Women journalists -- Fiction,1
International relations -- Fiction,1
Paintings,1
Human sacrifice,1
Painting,1
Mystery and detective fiction,1
American historical fiction,1
Women slaves,1
Racially mixed women,1
Sugar plantations,1
Plantation life,1
Plantation owners,1
Teenage mothers,1
nyt:mass_market_paperback=2011-04-02,1
Hitch Everett (Fictitious character),1
Romans à clef,1
Newspaper publishing,1
Newspaper editors,1
Pediatric surgeons,1
Space race,1
Defenses,1
Winter storms,1
nyt:mass_market_paperback=2011-04-23,1
Selection and appointment,1
nyt:hardcover_fiction=2010-05-23,1
Star Wars,1
cake,1
girls,1
nyt:hardcover_fiction=2010_07_09,1
Vampire fiction,1
Novels,1
Medical fiction,1
Science fiction genre,1
Epic fiction,1
monsters,1
diseases,1
vampires,1
Occult,1
Virals (Fictional Creatures),1
apocalyptic,1
Jumps (Fictional Creatures),1
Smokes (Fictional Creatures),1
post apocalyptic,1
Epidemic,1
Flyers (Fictional Creatures),1
American Fiction,1
Frankenstein (Fictitious character),1
Frankenstein's monster (Fictitious character),1
Victor Frankenstein (Fictitious character),1
Generation X,1
Malory family (Fictitious characters),1
Love-hate relationships,1
Heiresses,1
Betrothal,1
Parenting,1
Women architects,1
forensics,1
spying,1
spies,1
Tess Gerritsen,1
medical thriller,1
forensic,1
rizzoli,1
isles,1
Psychological aspects of War,1
Families of military personnel,1
"Iraq War, 2003-",1
Trading posts,1
nyt:mass_market_paperback=2011-04-30,1
Training,1
Search dogs,1
Dog owners,1
Search and rescue operations,1
Eric Sinclair (Fictitious character),1
Politicians' spouses,1
Vergangenheit (Motiv),1
Verdeckter Ermittler,1
Familie,1
Belletristische Darstellung,1
Verbrechen,1
nyt:trade_fiction_paperback=2011-06-25,1
Underwater exploration,1
Mutts (Dogs),1
nyt:trade_fiction_paperback=2011-08-27,1
nyt:hardcover_fiction=2010-07-25,1
Paparazzi,1
Books and reading,1
Social status,1
Women booksellers,1
Rare books,1
Women executives,1
Fianceé́s,1
Walt Fleming (Fictitious character),1
nyt:mass_market_paperback=2011-06-18,1
nyt:hardcover_fiction=2010-08-08,1
Murder in Fiction,1
Serial Killer in Fiction,1
Cocaine industry,1
Arkady Renko (Fictitious character),1
Success,1
Societies and clubs,1
Musicians,1
nyt:mass_market_paperback=2011-07-16,1
"Warshawski, V.I",1
Haunted houses,1
Animal rights activists,1
Reality television programs,1
Bonobo,1
Fashion design,1
Defense contracts,1
Alternative histories (Fiction),1
nyt:trade_fiction_paperback=2011-07-30,1
sexual assault,1
boys,1
mother and child,1
nyt:trade_fiction_paperback=2011-05-21,1
Escapes,1
Becky Bloomwood (Fictitious character),1
Shopping,1
Ed Eagle (Fictitious character),1
Ed Eagle (Fictional character),1
nyt:trade_fiction_paperback=2011-10-08,1
Bestiaries,1
American wit and humor,1
nyt:mass_market_paperback=2011-05-14,1
Indians of North America in fiction,1
Indian women in fiction,1
France in fiction,1
Court and courtiers,1
Genealogy in fiction,1
nyt:mass_market_paperback=2011-08-27,1
Art thieves,1
nyt:mass_market_paperback=2011-11-05,1
Defectors,1
Banks and banking,1
Poliomyelitis,1
Playgrounds,1
Shia,1
Twelfth Imam,1
Hidden Imam,1
Gospel,1
Iran,1
nuclear,1
end times,1
eschatology,1
nyt:mass_market_paperback=2011-04-16,1
Thomas Covenant (Fictitious character),1
Cryonics,1
death penalty,1
Judicial error,1
Death row inmates,1
Executions and executioners,1
World of Warcraft (Game),1
Shamans,1
World of Warcraft,1
Rand al'Thor (Fictitious character),1
Contests,1
Successful people,1
Futuristic Fiction,1
Suspense Fiction,1
2000s,1
Service industries workers,1
Patrick Kenzie (Fictitious character),1
Angela Gennaro (Fictitious character),1
nyt:mass_market_paperback=2011-08-06,1
Zionism,1
cerulean warblers,1
human overpopulation,1
strip-mining,1
liberalism,1
environmentalism,1
date-rape,1
suburban life,1
dysfunctional families,1
Middle class families,1
Kriminalfall,1
Bombing investigation,1
Oliver Stone,1
Attentat,1
Camel Club,1
Chevrolet Suburbans,1
1955 doubled die cents,1
school shootings,1
alter egos,1
sadism,1
mail order,1
rare coins,1
pornography,1
sadomasochism,1
serial killers,1
novellas,1
husband and wife,1
marriage,1
business travel,1
cozy mysteries,1
violence against women,1
slaughterhouses,1
butcher knives,1
wells,1
cover-ups,1
sheriffs,1
amputation,1
pariahs,1
suicide,1
delusion,1
precognition,1
mentally ill,1
retribution,1
rape victims,1
lung cancer,1
tumors,1
breast cancer,1
lymph nodes,1
embezzlement,1
heart attack,1
brain damage,1
stillbirth,1
pyorrhea,1
gout,1
psoriasis,1
Terminally ill,1
Women real estate agents,1
Birmingham,1
Real estate business,1
Evacuation of civilians,1
nyt:mass_market_paperback=2011-09-24,1
Ransom,1
United States. Army. Special Forces,1
nyt:mass_market_paperback=2011-10-15,1
United States. Army.Special Forces,1
Prevention & control,1
Art auctions,1
United States. Dept. of Defense,1
Emergency medical technicians,1
Children of presidents,1
nyt:trade_fiction_paperback=2011-10-01,1
United States Army Delta Force,1
Undercover Operations,1
"United States, Army. Delta Force-Fiction",1
Undercover operations-Fiction,1
Arcane Society (Imaginary organization),1
nyt:mass_market_paperback=2011-08-20,1
Casualties,1
Archivists,1
United States. National Archives and Records Administration,1
Brain,1
Adult children,1
Great Britain. MI6,1
nyt:trade_fiction_paperback=2011-11-19,1
Mentally ill,1
Revolutions,1
Messengers,1
Vampires--Fiction.,1
Witches--Fiction.,1
Alchemy--Manuscripts--Fiction.,1
Science and magic--Fiction.,1
Manuscripts,1
Motherless families,1
Amusement parks,1
Alligators,1
nyt:trade_fiction_paperback=2011-12-10,1
Virologists,1
Succession,1
"United States Capitol (Washington, D.C.)",1
Viruses diseases,1
Virus diseases - Fiction,1
Quarantine - Fiction,1
Virologists - Fiction,1
Presidents - Succession - United States - Fiction,1
Bioterrorism - Fiction,1
Religious tolerance,1
Anger,1
Fear,1
Expatriate authors,1
American Authors,1
The Kingkiller Chronicle,1
Heroes,1
Paranormal Fiction,1
Divorced people,1
Frozen human embryos,1
Human reproductive technology,1
Religious aspects,1
Frozen embryos,1
Law and legislation,1
nyt:trade_fiction_paperback=2011-10-15,1
Lesbian couples,1
Reproductive technology,1
Music therapists,1
Fatherhood,1
Child rearing,1
Religion,1
Grandparent and child,1
books,1
nyt:mass_market_paperback=2011-11-26,1
Business intelligence,1
Scottish Detective and mystery stories,1
Foster children,1
Foster mothers,1
nyt:trade_fiction_paperback=2011-12-31,1
Biological children of foster parents,1
Ayla (Fictitious character),1
Prehistoric peoples,1
Glacial epoch,1
Kurt Wallander (Fictitious character),1
Armed Forces,1
Civil service,1
Office politics,1
Arson investigation,1
Women fire fighters,1
Wildfire fighters,1
Smokejumpers,1
Bullying in schools,1
Explosions,1
mom,1
missing,1
pray,1
Korean,1
Sacrifice,1
Mrs Murphy,1
Harry Haristeen,1
Psychiatric hospital patients,1
Alchemists,1
Space vehicles,1
nyt:trade_fiction_paperback=2012-01-07,1
Indian college graduates,1
Wampanoag Indians,1
Indian scholars,1
Suburbs,1
Remodeling,1
nyt:e-book_fiction=2011-05-07,1
Oil industries,1
nyt:mass_market_paperback=2012-02-11,1
American Naval operations,1
Psy-Changeling Series,1
SnowDancer,1
Wolf packs,1
Alphas,1
Retribution,1
Jungles,1
Robots,1
Custody of children,1
Parents,1
James Bond (Fictional character),1
nyt:mass_market_paperback=2011-11-12,1
New Jersey,1
NEW LIST 20110630,1
Stephanie Plum (Fictional character),1
nyt:trade_fiction_paperback=2011-11-05,1
Identification,1
Hypnotists,1
Problem youth,1
Seven kingdoms (Imaginary place),1
Adoptive parents,1
Infertility,1
Surrogate mothers,1
Birthparents,1
nyt:hardcover_fiction=2011-07-23,1
nyt:mass_market_paperback=2012-02-18,1
Sportscasters,1
nyt:e-book_fiction=2011-07-16,1
Jason Bourne (Fictional character),1
nyt:hardcover_fiction=2011-07-16,1
nyt:trade_fiction_paperback=2012-01-28,1
Nineteen thirties,1
Investment advisors,1
Betting,1
"Pendergast, Aloysius (Fictitious character)",1
Gods & goddesses,1
Packhorse camping,1
American Adventure stories,1
Sword of Truth,1
Richard Rahl (Fictitious character),1
Kahlan Amnell (Fictitious character),1
Hate groups,1
Knights and knighthood,1
Trolls,1
Refugees,1
Florists,1
Flower language,1
Art students,1
Diamond industry and trade,1
nyt:trade_fiction_paperback=2012-02-18,1
Diamond industry,1
nyt:hardcover_fiction=2011-09-17,1
Armand Gamache (Fictional character),1
Armand Gamache,1
Predatory animals,1
nyt:hardcover_fiction=2011-10-22,1
college stories,1
abduction,1
pirates,1
motion picture studios,1
women detectives,1
Mary Russell (Fictional character),1
Mary Russell,1
Sherlock Holmes (Fictional character),1
Sherlock Holmes,1
nyt:e-book_fiction=2011-09-10,1
Eve Dallas (Fictional character),1
Eve Dallas,1
Circus,1
Games,1
Circus performers,1
Safehold,1
Lucky Santangelo (Fictitious character),1
nyt:hardcover_fiction=2011-11-19,1
nyt:trade_fiction_paperback=2012-01-21,1
nyt:combined_print_fiction=2011-09-24,1
Computer games,1
Military bases,1
nyt:e-book_fiction=2011-09-24,1
Divorced mothers,1
Travel,1
Rural conditions,1
nyt:e-book_fiction=2011-10-01,1
Battles,1
"Siege, 72-73",1
nyt:hardcover_fiction=2011-11-12,1
Crusades,1
Herbalists,1
nyt:hardcover_fiction=2011-10-08,1
Self-actualization,1
nyt:combined_print_fiction=2011-10-15,1
nyt:e-book_fiction=2011-10-15,1
nyt:mass_market_paperback=2012-01-21,1
hell,1
future life,1
dead,1
nyt:hardcover_fiction=2012-02-04,1
Prophecies,1
Drugs,1
Class actions (Civil procedure),1
Anticholesteremic agents,1
Products liability,1
Liability (Law),1
NEW LIST 20111231,1
Dystopian,1
Magical Realism,1
nyt:e-book_fiction=2011-10-29,1
Hotels,1
nyt:hardcover_fiction=2011-11-26,1
Flavia De Luce (Fictitious character),1
Imaginary Places,1
Drinking water,1
Contamination,1
V is for Vengeance ebook download,1
V is for Vengeance by Sue Grafton,1
nyt:hardcover_fiction=2011-12-10,1
Microbiologists,1
nyt:e-book_fiction=2011-11-26,1
"Seven Years' War, 1756-1763",1
nyt:hardcover_fiction=2011-12-17,1
Fitzwilliam Darcy (Fictitious character),1
Elizabeth Bennet (Fictitious character),1
Fitzwilliam Darcy (Fictional character),1
Elizabeth Bennet (Fictional character),1
Jack Ryan (Fictitious character),1
Parapsychology,1
Haunted places,1
nyt:hardcover_fiction=2012-01-21,1
Charley Castillo (Fictitious character),1
nyt:e-book_fiction=2011-12-31,1
FICTION / Romance / General,1
United States. President,1
Halo (Game),1
"Sale of organs, tissues",1
Black market,1
nyt:combined_print_fiction=2012-01-21,1
Temporary employees,1
Imprisonment,1
nyt:e-book_fiction=2012-01-21,1
Political activists,1
nyt:e-book_fiction=2012-01-28,1
Hedge funds,1
FICTION / Technological,1
Totalitarianism,1
Pulitzer Prize Winner,1
orphans,1
large type books,1
"Pan Am Flight 103 Bombing Incident, 1988",1
nyt:e-book_fiction=2012-02-04,1
Drug dealers,1
Illegal aliens,1
Rowing,1
Rowers,1
"Olympic Games (30th : 2012 : London, England)",1
Bites and stings,1
Transformations,1
Cell phone theft,1
Urban renewal,1
Kidnapping victims,1
Mass murder,1
Fictiion,1
Hispanic American women,1
Wineries,1
Illicit Distilling,1
Decision making,1
Accident victims,1
Terminal care,1
Honor Harrington (Fictional character),1
Hostage negotiations,1
Extremists,1
Divers,1
Great Britain. Royal Navy,1
"Napoleonic Wars, 1800-1815",1
Aquariums,1
Tearooms,1
Theodosia Browning (Fictitious character),1
Chirurgiens,1
Conference proceedings,1
Medical novels,1
Medical staff,1
Stepmothers,1
Childlessness,1
conspiracy,1
secret service,1
Military missions,1
Weapons of mass destruction,1
Cartels,1
Designer drugs,1
Hormones,1
Great powers,1
Ficiton,1
Embezzlement investigation,1
Street vendors,1
Biblical scholars,1
Christian antiquities,1
Blue in art,1
Separation (Psychology),1
Guido Brunetti,1
Business enterprises,1
Ocean liners,1
Shipwreck survival,1
Mute persons,1
Child witnesses,1
Computer software industry,1
Billionaires,1
Bernhard Gunther (Fictitious character),1
Roland (Fictitious character : King),1
Spenser,1
Curtis Black (Fictitious character),1
African American clergy,1
Man-woman relations,1
history,1
award:man_booker_prize=2012,1
Diaries,1
Bisexual men,1
African American veterans,1
"Korean War, 1950-1953",1
Corleone family (Fictitious characters),1
Native Americans,1
Children of prisoners,1
FICTION / Science Fiction / High Tech,1
"Shiloh, Battle of, Tenn., 1862",1
Intelligence agents,1
American detective and mystery stories,1
diaries,1
victims of crimes,1
Mystery & Detective fiction,1
Recessions,1
"Global Financial Crisis, 2008-2009",1
Relics,1
Experimental Genetics,1
High school graduates,1
Earthquakes,1
Women screenwriters,1
Hispanic American gangs,1
Michael Bennett,1
Motorcyclists,1
Israelis,1
Art museum curators,1
"Armenian massacres, 1915-1923",1
Armenians,1
Armenian Americans,1
Blind women,1
Kendra Michaels (Fictional character),1
Foundlings,1
Australia,1
Fiction / General,1
Pilgrimage,1
Women psychiatrists,1
Women architects--Washington (State)--Seattle--Fiction.,1
Missing persons--Fiction.,1
Phobias--Fiction.,1
Mothers and daughters--Fiction.,1
Domestic fiction.,1
Furies (Roman mythology),1
Diamond mines and mining,1
Infanticide,1
"Fiction, Historical Fiction, Mystery",1
Traditional British,1
Time,1
Ecologists,1
Aggressive behavior in animals,1
Animal behavior,1
Aggressiveness (Psychology),1
Human-animal relationship,1
Tombs,1
Planned communities,1
Fishing guides,1
Women fishers,1
Fictin,1
Emperors,1
Civilization,1
Agatha Raisin (Fictitious character),1
City council members,1
Local elections,1
Friends,1
Slackers,1
Courtship,1
Indian families,1
FICTION / Media Tie-In,1
Fingal Flahertie O'Reilly (Fictitious character),1
Barry Laverty (Fictitious character),1
Physicians (General practice),1
Women biologists,1
FICTION / Political,1
Climatic changes,1
Miles Vorkosigan (Fictitious character),1
Military intelligence,1
United Nations,1
Memory of Light,1
A Memory of Light,1
Wheel of Time,1
Childhood and youth,1
Dating (Social customs),1
Jesus Christ,1
Bible,1
Christian sects,1
First ladies,1
"Lindbergh, Charles A. (Charles Augustus), 1902-1974",1
Hemmeligheder,1
Spændende bøger,1
Forsvundne personer,1
Publishers and publishing,1
Ian Rutledge (Fictitious character),1
Dust Bowl Era (1931-1939) fast (OCoLC)fst00899651,1
Adobe houses,1
Farmers,1
Droughts,1
Lantarbetare,1
Bed and breakfast accommodations,1
Violence,1
"Cross, Alex (Fictitious character)",1
Robbers and outlaws,1
Ex-Nazis,1
Kate Shugak (Fictional character),1
Aleuts,1
Alaska,1
NEW LIST 20130331,1
Coal mine accidents,1
Isaac Bell (Fictional character),1
"Pickett, Joe (Fictitious character)",1
Unrequited love,1
Nineteen twenties,1
Hamish Macbeth (Fictitious character),1
Book editors,1
Mexican American women,1
United States. Department of Homeland Security,1
United States. Army,1
Romans,1
Amour,1
Employées de maison,1
Meurtres,1
Women household employees,1
Parents of murder victims,1
Bernie Gunther (Fictional character),1
Female assassins,1
Orchards,1
Apple growers,1
Elementary school teachers,1
Illegal arms transfers,1
"Dante Alighieri, 1265-1321",1
Easy Rawlins (Fictitious character),1
Pug (Fictitious character),1
Indian captivities,1
Comanche Indians,1
Transatlantic voyages,1
Air travel,1
Riding clubs,1
Self-actualization (Psychology) in adolescence,1
Investment banking,1
Newlyweds,1
Comets,1
Dark energy (Astronomy),1
Collisions with Earth,1
Women jouranlists,1
Anita Blake Vampire Hunter,1
Series,1
Star wars (Motion picture),1
Tracking and trailing,1
Life,1
Humanity,1
Cruelty,1
Wars of the Roses (Great Britain : 1455-1485) fast (OCoLC)fst01355312,1
Mistresses,1
Compulsive behavior,1
Paranoia,1
Olympic athletes,1
Cult,1
Director,1
Clairvoyants,1
Nurses,1
Reunions,1
Malicious accusation,1
"Beaumont, J. P. (Fictitious character)",1
Irish American women,1
Irish American Catholics,1
Bildungsroman,1
Children of alcoholics,1
Actress,1
FICTION / Urban Life,1
Political science,1
Unmarried couples,1
Cowboys,1
Grail,1
High technology,1
Great Britain. Metropolitan Police Office. Criminal Investigation Department,1
FICTION / African American / Contemporary Women,1
Naxalite movement,1
Women novelists,1
Enlightenment,1
Industrial revolution,1
Poetry,1
multiple sclerosis,1
internet phobia,1
future,1
sci-fi,1
technology,1
social media,1
privacy,1
internet,1
Social media,1
Internet industry,1
Privacy,1
Microblogs,1
Media Tie-In,1
Political candidates,1
Police murders,1
Gold discoveries,1
Gold mines and mining,1
Wills,1
Cases,1
goldfinch,1
Same-sex marriage,1
FICTION / Fantasy / Paranormal,1
Characters,1
Fame,1
Mirage,1
Courtesans,1
Service stations,1
Heaven,1
Fanaticism,1
Single parents,1
Telephone,1
Cell phones,1
Arson,1
War neuroses,1
Conflict of interests,1
International Security,1
John Clark (Fictitious character),1
Remorse,1
Psychology of Learning,1
Learning,1
Biography,1
Feminists,1
Antislavery movements,1
Women's rights,1
Robbery,1
Antisocial personality disorders,1
D.D. Warren (Fictitious character),1
Conduct of life,1
Automobile travel,1
Embassy buildings,1
Mentally ill offenders,1
Suspense & Thriller,1
Androids,1
Religious fanaticism,1
Theocracy,1
Technology,1
Crow Indians,1
War stories,1
Afghan War (2001-) fast (OCoLC)fst01695175,1
Short stories,1
"Afghan War, 2001",1
Erzählung,1
Self-evaluation,1
Self-acceptance in women,1
Work-life balance,1
Joe Pickett (Fictional character),1
Game protection,1
Literature publishing,1
Literary agents,1
Authorship in literature,1
Concentration camps,1
Concentration camp inmates,1
Star Wars films,1
Empire strikes back (Motion picture),1
Diplomats,1
Women-owned business enterprises,1
Women television producers and directors,1
Canoes and canoeing,1
Secuestro,1
Servicio de inteligencia,1
Científicos,1
Women dancers,1
Asesinato,1
Danzarinas,1
Investigacio n criminal,1
Investigación criminal,1
World War (1914-1918) fast (OCoLC)fst01180746,1
"World War I, 1914-1918",1
Teachers,1
Cultural Heritage,1
Cosmetics,1
Antiques,1
Bookstores,1
Booksellers,1
Pen pals,1
Merchants,1
Avarice,1
Navies,1
Women travelers,1
Authorship,1
Parents of developmentally disabled children,1
Penn Cage (Fictitious character),1
Letters,1
Hiding places,1
Football players,1
Drug addiction,1
Drug use,1
Missing in action,1
marine scientists,1
action,1
National Underwater and Marine Agency,1
Family vacations,1
Mercedes automobiles,1
Campaigns,1
"Chattanooga, Battle of, Chattanooga, Tenn., 1863",1
Sherman's March to the Sea,1
FICTION / Romance / Time Travel,1
American Revolution (1775-1783) fast (OCoLC)fst01351668,1
Time Travel,1
Bounty hunters,1
Rehabilitation,1
FICTION / Fantasy / Short Stories,1
Rogues and vagabonds,1
Stepchildren,1
Single-parent families,1
Farm life,1
Phantastischer Roman,1
Druids,1
Nuclear accidents,1
Amish,1
Women police chiefs,1
Women historians,1
Gabriel Allon (Fictional character),1
Political conventions,1
Politics,1
Apartment dwellers,1
Male caregivers,1
Women television news anchors,1
Diabetes,1
Joanna Brady (Fictional character),1
Caverns,1
Hoarders,1
FICTION / Fantasy / Epic,1
Cold War (1945-1989) fast (OCoLC)fst01754978,1
Locomotive engineers,1
Attachment disorder,1
Fiction/ Sagas-fiction/ Contemporary Women-fiction/ Romance-fiction / Contemporary,1
Science,1
Experiments,1
Extinction (Biology),1
Lost continents,1
Mountain people,1
Adult children of alcoholics,1
American Dream,1
Ambition,1
Mitford (N.C. : Imaginary place),1
Episcopalians,1
Timothy Kavanagh (Fictitious character),1
Baseball injuries,1
Religious,1
Religion and law,1
FICTION / Psychological,1
FICTION / Mystery & Detective / Hard-Boiled,1
World politics,1
Hospitality,1
Guests,1
Golem,1
Temperance Brennan (Fictional character),1
School boards,1
Medical laboratories,1
Dogs as laboratory animals,1
Pet theft,1
Adult child abuse victims,1
Guardin angels-Fiction/Women college stidents-Fiction/Man-women relationships-Fiction/Christmas stories,1
Elephant researchers,1
FICTION / War & Military,1
Australian fiction,1
POETRY / General,1
Legal aid,1
Coal trade,1
Country lawyers,1
Coal mines and mining,1
Sex role,1
Sexual excitement,1
Sexual behavior,1
Sex toys,1
Uranium industry,1
Aztecs,1
Ocean mining,1
Divorced men,1
"Hurricane Sandy, 2012",1
Natural disasters,1
Frank Bascombe (Fictitious character),1
Hurricane Sandy (2012) fast (OCoLC)fst01896399,1
Kay Scarpetta (Fictional character),1
Aloysius Pendergast (Fictional character),1
military,1
special agent,1
Kate O'Hare (Fictional character),1
Drowning,1
Forgery,1
Intercontinental ballistic missiles,1
Feminism,1
Medical,1
Mystery and detective stories,1
Alcoholics,1
Blind dates,1
Commuters,1
Railroad travel,1
Odd Thomas (Fictional character),1
Women Television Journalists,1
Cold Cases (Criminal Investigation),1
Missing Persons,1
Victims of crimes,1
Meurtre à forfait,1
Services privés de sécurité,1
Technological,1
Femmes fatales,1
Civilians in war,1
Television comedies,1
Television actors and actresses,1
Fiction / Historical,1
Storytelling,1
Documentary films,1
Child abuse,1
Central Illustration Agency,1
Sephardim,1
ADULT FICTION,1
THRILLER,1
Loch Ness monster,1
Father-son relationship,1
Golfers,1
Golf,1
Mentoring,1
Tournaments,1
Impostor phenomenon,1
Household Moving,1
Sexual harassment,1
Separated people,1
Mentally ill teenagers,1
False testimony,1
Photographic memory,1
Homeless persons,1
Veteran reintegration,1
Social distance,1
Exploration,1
Sentences (Criminal procedure),1
Judicial corruption,1
Contracting out,1
Corrections,1
Adventure and adventurers,1
Surveillance radar,1
Mental illness,1
Hermits,1
Drottningar,1
Eccentrics and eccentricity,1
Historians,1
Country musicians,1
"Kings, queens, rulers",1
Charity,1
Dillon Savich (Fictional character),1
Lacey Sherlock (Fictional character),1
High school students--Fiction.,1
Human-alien encounters--Fiction.,1
Women air pilots,1
Hunters,1
Social mobility,1
Misfits (Persons),1
Black humor (Literature),1
Jinn,1
"FICTION / Fairy Tales, Folk Tales, Legends & Mythology",1
Arabian nights,1
J.P. Beaumont (Fictitious character),1
Couples mariés,1
Dramatists,1
Roman familial,1
Dramaturges,1
Mansions,1
Contemporary women,1
Caregivers,1
Happiness,1
Choice (Psychology),1
Mexican Americans,1
Teenagers with mental disabilities,1
Judicial ethics,1
Ex-police officers (Harry Bosch),1
Love in old age,1
Police dogs,1
Alex Cross,1
James Patterson,1
crime series,1
child abuse,1
sexual abuse,1
FICTION / Coming of Age,1
Aliens,1
American Science fiction,1
magic,1
Tétraplégiques,1
Spécialistes de la criminalistique,1
Quadriplegics,1
People with disabilities,1
Meurtres en série,1
Ponzi schemes,1
Ali Reynolds (Fictional character),1
Heirlooms,1
Safe-deposit boxes,1
Women veterans,1
Trusts and trustees,1
